Date,Abruzzo,Basilicata,Calabria,Campania,Emilia-Romagna,Friuli Venezia Giulia,Lazio,Liguria,Lombardia,Marche,Molise,P.A.Bolzano,P.A.Trento,Piemonte,Puglia,Sardegna,Sicilia,Toscana,Umbria,Valle d'Aosta,Veneto,Number of white regions,Number of yellow regions,Number of orange regions,Number of red regions
2020-11-06,Yellow,Yellow,Red,Yellow,Yellow,Yellow,Yellow,Yellow,Red,Yellow,Yellow,Yellow,Yellow,Red,Orange,Yellow,Orange,Yellow,Yellow,Red,Yellow,0,15,2,4
2020-11-07,Yellow,Yellow,Red,Yellow,Yellow,Yellow,Yellow,Yellow,Red,Yellow,Yellow,Yellow,Yellow,Red,Orange,Yellow,Orange,Yellow,Yellow,Red,Yellow,0,15,2,4
2020-11-08,Yellow,Yellow,Red,Yellow,Yellow,Yellow,Yellow,Yellow,Red,Yellow,Yellow,Yellow,Yellow,Red,Orange,Yellow,Orange,Yellow,Yellow,Red,Yellow,0,15,2,4
2020-11-09,Yellow,Yellow,Red,Yellow,Yellow,Yellow,Yellow,Yellow,Red,Yellow,Yellow,Yellow,Yellow,Red,Orange,Yellow,Orange,Yellow,Yellow,Red,Yellow,0,15,2,4
2020-11-10,Yellow,Yellow,Red,Yellow,Yellow,Yellow,Yellow,Yellow,Red,Yellow,Yellow,Yellow,Yellow,Red,Orange,Yellow,Orange,Yellow,Yellow,Red,Yellow,0,15,2,4
2020-11-11,Orange,Orange,Red,Yellow,Yellow,Yellow,Yellow,Orange,Red,Yellow,Yellow,Red,Yellow,Red,Orange,Yellow,Orange,Orange,Orange,Red,Yellow,0,9,7,5
2020-11-12,Orange,Orange,Red,Yellow,Yellow,Yellow,Yellow,Orange,Red,Yellow,Yellow,Red,Yellow,Red,Orange,Yellow,Orange,Orange,Orange,Red,Yellow,0,9,7,5
2020-11-13,Orange,Orange,Red,Yellow,Yellow,Yellow,Yellow,Orange,Red,Yellow,Yellow,Red,Yellow,Red,Orange,Yellow,Orange,Orange,Orange,Red,Yellow,0,9,7,5
2020-11-14,Orange,Orange,Red,Yellow,Yellow,Yellow,Yellow,Orange,Red,Yellow,Yellow,Red,Yellow,Red,Orange,Yellow,Orange,Orange,Orange,Red,Yellow,0,9,7,5
2020-11-15,Orange,Orange,Red,Red,Orange,Orange,Yellow,Orange,Red,Orange,Yellow,Red,Yellow,Red,Orange,Yellow,Orange,Red,Orange,Red,Yellow,0,5,9,7
2020-11-16,Orange,Orange,Red,Red,Orange,Orange,Yellow,Orange,Red,Orange,Yellow,Red,Yellow,Red,Orange,Yellow,Orange,Red,Orange,Red,Yellow,0,5,9,7
2020-11-17,Orange,Orange,Red,Red,Orange,Orange,Yellow,Orange,Red,Orange,Yellow,Red,Yellow,Red,Orange,Yellow,Orange,Red,Orange,Red,Yellow,0,5,9,7
2020-11-18,Orange,Orange,Red,Red,Orange,Orange,Yellow,Orange,Red,Orange,Yellow,Red,Yellow,Red,Orange,Yellow,Orange,Red,Orange,Red,Yellow,0,5,9,7
2020-11-19,Orange,Orange,Red,Red,Orange,Orange,Yellow,Orange,Red,Orange,Yellow,Red,Yellow,Red,Orange,Yellow,Orange,Red,Orange,Red,Yellow,0,5,9,7
2020-11-20,Orange,Orange,Red,Red,Orange,Orange,Yellow,Orange,Red,Orange,Yellow,Red,Yellow,Red,Orange,Yellow,Orange,Red,Orange,Red,Yellow,0,5,9,7
2020-11-21,Orange,Orange,Red,Red,Orange,Orange,Yellow,Orange,Red,Orange,Yellow,Red,Yellow,Red,Orange,Yellow,Orange,Red,Orange,Red,Yellow,0,5,9,7
2020-11-22,Red,Orange,Red,Red,Orange,Orange,Yellow,Orange,Red,Orange,Yellow,Red,Yellow,Red,Orange,Yellow,Orange,Red,Orange,Red,Yellow,0,5,8,8
2020-11-23,Red,Orange,Red,Red,Orange,Orange,Yellow,Orange,Red,Orange,Yellow,Red,Yellow,Red,Orange,Yellow,Orange,Red,Orange,Red,Yellow,0,5,8,8
2020-11-24,Red,Orange,Red,Red,Orange,Orange,Yellow,Orange,Red,Orange,Yellow,Red,Yellow,Red,Orange,Yellow,Orange,Red,Orange,Red,Yellow,0,5,8,8
2020-11-25,Red,Orange,Red,Red,Orange,Orange,Yellow,Orange,Red,Orange,Yellow,Red,Yellow,Red,Orange,Yellow,Orange,Red,Orange,Red,Yellow,0,5,8,8
2020-11-26,Red,Orange,Red,Red,Orange,Orange,Yellow,Orange,Red,Orange,Yellow,Red,Yellow,Red,Orange,Yellow,Orange,Red,Orange,Red,Yellow,0,5,8,8
2020-11-27,Red,Orange,Red,Red,Orange,Orange,Yellow,Orange,Red,Orange,Yellow,Red,Yellow,Red,Orange,Yellow,Orange,Red,Orange,Red,Yellow,0,5,8,8
2020-11-28,Red,Orange,Red,Red,Orange,Orange,Yellow,Orange,Red,Orange,Yellow,Red,Yellow,Red,Orange,Yellow,Orange,Red,Orange,Red,Yellow,0,5,8,8
2020-11-29,Red,Orange,Orange,Red,Orange,Orange,Yellow,Yellow,Orange,Orange,Yellow,Red,Yellow,Orange,Orange,Yellow,Yellow,Red,Orange,Red,Yellow,0,7,9,5
2020-11-30,Red,Orange,Orange,Red,Orange,Orange,Yellow,Yellow,Orange,Orange,Yellow,Red,Yellow,Orange,Orange,Yellow,Yellow,Red,Orange,Red,Yellow,0,7,9,5
2020-12-01,Red,Orange,Orange,Red,Orange,Orange,Yellow,Yellow,Orange,Orange,Yellow,Red,Yellow,Orange,Orange,Yellow,Yellow,Red,Orange,Red,Yellow,0,7,9,5
2020-12-02,Red,Orange,Orange,Red,Orange,Orange,Yellow,Yellow,Orange,Orange,Yellow,Red,Yellow,Orange,Orange,Yellow,Yellow,Red,Orange,Red,Yellow,0,7,9,5
2020-12-03,Red,Orange,Orange,Red,Orange,Orange,Yellow,Yellow,Orange,Orange,Yellow,Red,Yellow,Orange,Orange,Yellow,Yellow,Red,Orange,Red,Yellow,0,7,9,5
2020-12-04,Red,Orange,Orange,Red,Orange,Orange,Yellow,Yellow,Orange,Orange,Yellow,Red,Yellow,Orange,Orange,Yellow,Yellow,Red,Orange,Red,Yellow,0,7,9,5
2020-12-05,Red,Orange,Orange,Red,Orange,Orange,Yellow,Yellow,Orange,Orange,Yellow,Red,Yellow,Orange,Orange,Yellow,Yellow,Red,Orange,Red,Yellow,0,7,9,5
2020-12-06,Red,Orange,Orange,Orange,Yellow,Yellow,Yellow,Yellow,Orange,Yellow,Yellow,Orange,Yellow,Orange,Yellow,Yellow,Yellow,Orange,Yellow,Orange,Yellow,0,12,8,1
2020-12-07,Red,Orange,Orange,Orange,Yellow,Yellow,Yellow,Yellow,Orange,Yellow,Yellow,Orange,Yellow,Orange,Yellow,Yellow,Yellow,Orange,Yellow,Orange,Yellow,0,12,8,1
2020-12-08,Red,Orange,Orange,Orange,Yellow,Yellow,Yellow,Yellow,Orange,Yellow,Yellow,Orange,Yellow,Orange,Yellow,Yellow,Yellow,Orange,Yellow,Orange,Yellow,0,12,8,1
2020-12-09,Red,Orange,Orange,Orange,Yellow,Yellow,Yellow,Yellow,Orange,Yellow,Yellow,Orange,Yellow,Orange,Yellow,Yellow,Yellow,Orange,Yellow,Orange,Yellow,0,12,8,1
2020-12-10,Red,Orange,Orange,Orange,Yellow,Yellow,Yellow,Yellow,Orange,Yellow,Yellow,Orange,Yellow,Orange,Yellow,Yellow,Yellow,Orange,Yellow,Orange,Yellow,0,12,8,1
2020-12-11,Red,Orange,Orange,Orange,Yellow,Yellow,Yellow,Yellow,Orange,Yellow,Yellow,Orange,Yellow,Orange,Yellow,Yellow,Yellow,Orange,Yellow,Orange,Yellow,0,12,8,1
2020-12-12,Red,Orange,Orange,Orange,Yellow,Yellow,Yellow,Yellow,Orange,Yellow,Yellow,Orange,Yellow,Orange,Yellow,Yellow,Yellow,Orange,Yellow,Orange,Yellow,0,12,8,1
2020-12-13,Orange,Yellow,Yellow,Orange,Yellow,Yellow,Yellow,Yellow,Yellow,Yellow,Yellow,Orange,Yellow,Yellow,Yellow,Yellow,Yellow,Orange,Yellow,Orange,Yellow,0,16,5,0
2020-12-14,Orange,Yellow,Yellow,Orange,Yellow,Yellow,Yellow,Yellow,Yellow,Yellow,Yellow,Orange,Yellow,Yellow,Yellow,Yellow,Yellow,Orange,Yellow,Orange,Yellow,0,16,5,0
2020-12-15,Orange,Yellow,Yellow,Orange,Yellow,Yellow,Yellow,Yellow,Yellow,Yellow,Yellow,Orange,Yellow,Yellow,Yellow,Yellow,Yellow,Orange,Yellow,Orange,Yellow,0,16,5,0
2020-12-16,Orange,Yellow,Yellow,Orange,Yellow,Yellow,Yellow,Yellow,Yellow,Yellow,Yellow,Orange,Yellow,Yellow,Yellow,Yellow,Yellow,Orange,Yellow,Orange,Yellow,0,16,5,0
2020-12-17,Orange,Yellow,Yellow,Orange,Yellow,Yellow,Yellow,Yellow,Yellow,Yellow,Yellow,Orange,Yellow,Yellow,Yellow,Yellow,Yellow,Orange,Yellow,Orange,Yellow,0,16,5,0
2020-12-18,Orange,Yellow,Yellow,Orange,Yellow,Yellow,Yellow,Yellow,Yellow,Yellow,Yellow,Orange,Yellow,Yellow,Yellow,Yellow,Yellow,Orange,Yellow,Orange,Yellow,0,16,5,0
2020-12-19,Orange,Yellow,Yellow,Orange,Yellow,Yellow,Yellow,Yellow,Yellow,Yellow,Yellow,Orange,Yellow,Yellow,Yellow,Yellow,Yellow,Orange,Yellow,Orange,Yellow,0,16,5,0
2020-12-20,Orange,Yellow,Yellow,Yellow,Yellow,Yellow,Yellow,Yellow,Yellow,Yellow,Yellow,Yellow,Yellow,Yellow,Yellow,Yellow,Yellow,Yellow,Yellow,Yellow,Yellow,0,20,1,0
2020-12-21,Orange,Yellow,Yellow,Yellow,Yellow,Yellow,Yellow,Yellow,Yellow,Yellow,Yellow,Yellow,Yellow,Yellow,Yellow,Yellow,Yellow,Yellow,Yellow,Yellow,Yellow,0,20,1,0
2020-12-22,Orange,Yellow,Yellow,Yellow,Yellow,Yellow,Yellow,Yellow,Yellow,Yellow,Yellow,Yellow,Yellow,Yellow,Yellow,Yellow,Yellow,Yellow,Yellow,Yellow,Yellow,0,20,1,0
2020-12-23,Orange,Yellow,Yellow,Yellow,Yellow,Yellow,Yellow,Yellow,Yellow,Yellow,Yellow,Yellow,Yellow,Yellow,Yellow,Yellow,Yellow,Yellow,Yellow,Yellow,Yellow,0,20,1,0
2020-12-24,Red,Red,Red,Red,Red,Red,Red,Red,Red,Red,Red,Red,Red,Red,Red,Red,Red,Red,Red,Red,Red,0,0,0,21
2020-12-25,Red,Red,Red,Red,Red,Red,Red,Red,Red,Red,Red,Red,Red,Red,Red,Red,Red,Red,Red,Red,Red,0,0,0,21
2020-12-26,Red,Red,Red,Red,Red,Red,Red,Red,Red,Red,Red,Red,Red,Red,Red,Red,Red,Red,Red,Red,Red,0,0,0,21
2020-12-27,Red,Red,Red,Red,Red,Red,Red,Red,Red,Red,Red,Red,Red,Red,Red,Red,Red,Red,Red,Red,Red,0,0,0,21
2020-12-28,Orange,Orange,Orange,Orange,Orange,Orange,Orange,Orange,Orange,Orange,Orange,Orange,Orange,Orange,Orange,Orange,Orange,Orange,Orange,Orange,Orange,0,0,21,0
2020-12-29,Orange,Orange,Orange,Orange,Orange,Orange,Orange,Orange,Orange,Orange,Orange,Orange,Orange,Orange,Orange,Orange,Orange,Orange,Orange,Orange,Orange,0,0,21,0
2020-12-30,Orange,Orange,Orange,Orange,Orange,Orange,Orange,Orange,Orange,Orange,Orange,Orange,Orange,Orange,Orange,Orange,Orange,Orange,Orange,Orange,Orange,0,0,21,0
2020-12-31,Red,Red,Red,Red,Red,Red,Red,Red,Red,Red,Red,Red,Red,Red,Red,Red,Red,Red,Red,Red,Red,0,0,0,21
2021-01-01,Red,Red,Red,Red,Red,Red,Red,Red,Red,Red,Red,Red,Red,Red,Red,Red,Red,Red,Red,Red,Red,0,0,0,21
2021-01-02,Red,Red,Red,Red,Red,Red,Red,Red,Red,Red,Red,Red,Red,Red,Red,Red,Red,Red,Red,Red,Red,0,0,0,21
2021-01-03,Red,Red,Red,Red,Red,Red,Red,Red,Red,Red,Red,Red,Red,Red,Red,Red,Red,Red,Red,Red,Red,0,0,0,21
2021-01-04,Orange,Orange,Orange,Orange,Orange,Orange,Orange,Orange,Orange,Orange,Orange,Orange,Orange,Orange,Orange,Orange,Orange,Orange,Orange,Orange,Orange,0,0,21,0
2021-01-05,Red,Red,Red,Red,Red,Red,Red,Red,Red,Red,Red,Red,Red,Red,Red,Red,Red,Red,Red,Red,Red,0,0,0,21
2021-01-06,Red,Red,Red,Red,Red,Red,Red,Red,Red,Red,Red,Red,Red,Red,Red,Red,Red,Red,Red,Red,Red,0,0,0,21
2021-01-07,Yellow,Yellow,Yellow,Yellow,Yellow,Yellow,Yellow,Yellow,Yellow,Yellow,Yellow,Yellow,Yellow,Yellow,Yellow,Yellow,Yellow,Yellow,Yellow,Yellow,Yellow,0,21,0,0
2021-01-08,Yellow,Yellow,Yellow,Yellow,Yellow,Yellow,Yellow,Yellow,Yellow,Yellow,Yellow,Yellow,Yellow,Yellow,Yellow,Yellow,Yellow,Yellow,Yellow,Yellow,Yellow,0,21,0,0
2021-01-09,Yellow,Yellow,Yellow,Yellow,Yellow,Yellow,Yellow,Yellow,Yellow,Yellow,Yellow,Yellow,Yellow,Yellow,Yellow,Yellow,Yellow,Yellow,Yellow,Yellow,Yellow,0,21,0,0
2021-01-10,Yellow,Yellow,Yellow,Yellow,Yellow,Yellow,Yellow,Yellow,Yellow,Yellow,Yellow,Yellow,Yellow,Yellow,Yellow,Yellow,Yellow,Yellow,Yellow,Yellow,Yellow,0,21,0,0
2021-01-11,Yellow,Yellow,Orange,Yellow,Orange,Yellow,Yellow,Yellow,Orange,Yellow,Yellow,Yellow,Yellow,Yellow,Yellow,Yellow,Orange,Yellow,Yellow,Yellow,Orange,0,16,5,0
2021-01-12,Yellow,Yellow,Orange,Yellow,Orange,Yellow,Yellow,Yellow,Orange,Yellow,Yellow,Yellow,Yellow,Yellow,Yellow,Yellow,Orange,Yellow,Yellow,Yellow,Orange,0,16,5,0
2021-01-13,Yellow,Yellow,Orange,Yellow,Orange,Yellow,Yellow,Yellow,Orange,Yellow,Yellow,Yellow,Yellow,Yellow,Yellow,Yellow,Orange,Yellow,Yellow,Yellow,Orange,0,16,5,0
2021-01-14,Yellow,Yellow,Orange,Yellow,Orange,Yellow,Yellow,Yellow,Orange,Yellow,Yellow,Yellow,Yellow,Yellow,Yellow,Yellow,Orange,Yellow,Yellow,Yellow,Orange,0,16,5,0
2021-01-15,Yellow,Yellow,Orange,Yellow,Orange,Yellow,Yellow,Yellow,Orange,Yellow,Yellow,Yellow,Yellow,Yellow,Yellow,Yellow,Orange,Yellow,Yellow,Yellow,Orange,0,16,5,0
2021-01-16,Yellow,Yellow,Orange,Yellow,Orange,Yellow,Yellow,Yellow,Orange,Yellow,Yellow,Yellow,Yellow,Yellow,Yellow,Yellow,Orange,Yellow,Yellow,Yellow,Orange,0,16,5,0
2021-01-17,Orange,Yellow,Orange,Yellow,Orange,Orange,Orange,Orange,Red,Orange,Yellow,Red,Yellow,Orange,Orange,Yellow,Red,Yellow,Orange,Orange,Orange,0,6,12,3
2021-01-18,Orange,Yellow,Orange,Yellow,Orange,Orange,Orange,Orange,Red,Orange,Yellow,Red,Yellow,Orange,Orange,Yellow,Red,Yellow,Orange,Orange,Orange,0,6,12,3
2021-01-19,Orange,Yellow,Orange,Yellow,Orange,Orange,Orange,Orange,Red,Orange,Yellow,Red,Yellow,Orange,Orange,Yellow,Red,Yellow,Orange,Orange,Orange,0,6,12,3
2021-01-20,Orange,Yellow,Orange,Yellow,Orange,Orange,Orange,Orange,Red,Orange,Yellow,Red,Yellow,Orange,Orange,Yellow,Red,Yellow,Orange,Orange,Orange,0,6,12,3
2021-01-21,Orange,Yellow,Orange,Yellow,Orange,Orange,Orange,Orange,Red,Orange,Yellow,Red,Yellow,Orange,Orange,Yellow,Red,Yellow,Orange,Orange,Orange,0,6,12,3
2021-01-22,Orange,Yellow,Orange,Yellow,Orange,Orange,Orange,Orange,Red,Orange,Yellow,Red,Yellow,Orange,Orange,Yellow,Red,Yellow,Orange,Orange,Orange,0,6,12,3
2021-01-23,Orange,Yellow,Orange,Yellow,Orange,Orange,Orange,Orange,Red,Orange,Yellow,Red,Yellow,Orange,Orange,Yellow,Red,Yellow,Orange,Orange,Orange,0,6,12,3
2021-01-24,Orange,Yellow,Orange,Yellow,Orange,Orange,Orange,Orange,Orange,Orange,Yellow,Red,Yellow,Orange,Orange,Orange,Red,Yellow,Orange,Orange,Orange,0,5,14,2
2021-01-25,Orange,Yellow,Orange,Yellow,Orange,Orange,Orange,Orange,Orange,Orange,Yellow,Red,Yellow,Orange,Orange,Orange,Red,Yellow,Orange,Orange,Orange,0,5,14,2
2021-01-26,Orange,Yellow,Orange,Yellow,Orange,Orange,Orange,Orange,Orange,Orange,Yellow,Red,Yellow,Orange,Orange,Orange,Red,Yellow,Orange,Orange,Orange,0,5,14,2
2021-01-27,Orange,Yellow,Orange,Yellow,Orange,Orange,Orange,Orange,Orange,Orange,Yellow,Red,Yellow,Orange,Orange,Orange,Red,Yellow,Orange,Orange,Orange,0,5,14,2
2021-01-28,Orange,Yellow,Orange,Yellow,Orange,Orange,Orange,Orange,Orange,Orange,Yellow,Red,Yellow,Orange,Orange,Orange,Red,Yellow,Orange,Orange,Orange,0,5,14,2
2021-01-29,Orange,Yellow,Orange,Yellow,Orange,Orange,Orange,Orange,Orange,Orange,Yellow,Red,Yellow,Orange,Orange,Orange,Red,Yellow,Orange,Orange,Orange,0,5,14,2
2021-01-30,Orange,Yellow,Orange,Yellow,Orange,Orange,Orange,Orange,Orange,Orange,Yellow,Red,Yellow,Orange,Orange,Orange,Red,Yellow,Orange,Orange,Orange,0,5,14,2
2021-01-31,Orange,Yellow,Orange,Yellow,Orange,Orange,Orange,Orange,Orange,Orange,Yellow,Red,Yellow,Orange,Orange,Orange,Red,Yellow,Orange,Orange,Orange,0,5,14,2
2021-02-01,Yellow,Yellow,Yellow,Yellow,Yellow,Yellow,Yellow,Yellow,Yellow,Yellow,Yellow,Orange,Yellow,Yellow,Orange,Orange,Orange,Yellow,Orange,Yellow,Yellow,0,16,5,0
2021-02-02,Yellow,Yellow,Yellow,Yellow,Yellow,Yellow,Yellow,Yellow,Yellow,Yellow,Yellow,Orange,Yellow,Yellow,Orange,Orange,Orange,Yellow,Orange,Yellow,Yellow,0,16,5,0
2021-02-03,Yellow,Yellow,Yellow,Yellow,Yellow,Yellow,Yellow,Yellow,Yellow,Yellow,Yellow,Orange,Yellow,Yellow,Orange,Orange,Orange,Yellow,Orange,Yellow,Yellow,0,16,5,0
2021-02-04,Yellow,Yellow,Yellow,Yellow,Yellow,Yellow,Yellow,Yellow,Yellow,Yellow,Yellow,Orange,Yellow,Yellow,Orange,Orange,Orange,Yellow,Orange,Yellow,Yellow,0,16,5,0
2021-02-05,Yellow,Yellow,Yellow,Yellow,Yellow,Yellow,Yellow,Yellow,Yellow,Yellow,Yellow,Orange,Yellow,Yellow,Orange,Orange,Orange,Yellow,Orange,Yellow,Yellow,0,16,5,0
2021-02-06,Yellow,Yellow,Yellow,Yellow,Yellow,Yellow,Yellow,Yellow,Yellow,Yellow,Yellow,Orange,Yellow,Yellow,Orange,Orange,Orange,Yellow,Orange,Yellow,Yellow,0,16,5,0
2021-02-07,Yellow,Yellow,Yellow,Yellow,Yellow,Yellow,Yellow,Yellow,Yellow,Yellow,Yellow,Orange,Yellow,Yellow,Orange,Orange,Orange,Yellow,Orange,Yellow,Yellow,0,16,5,0
2021-02-08,Yellow,Yellow,Yellow,Yellow,Yellow,Yellow,Yellow,Yellow,Yellow,Yellow,Yellow,Orange,Yellow,Yellow,Orange,Yellow,Orange,Yellow,Orange,Yellow,Yellow,0,17,4,0
2021-02-09,Yellow,Yellow,Yellow,Yellow,Yellow,Yellow,Yellow,Yellow,Yellow,Yellow,Yellow,Orange,Yellow,Yellow,Orange,Yellow,Orange,Yellow,Orange,Yellow,Yellow,0,17,4,0
2021-02-10,Yellow,Yellow,Yellow,Yellow,Yellow,Yellow,Yellow,Yellow,Yellow,Yellow,Yellow,Orange,Yellow,Yellow,Orange,Yellow,Orange,Yellow,Orange,Yellow,Yellow,0,17,4,0
2021-02-11,Yellow,Yellow,Yellow,Yellow,Yellow,Yellow,Yellow,Yellow,Yellow,Yellow,Yellow,Orange,Yellow,Yellow,Yellow,Yellow,Orange,Yellow,Orange,Yellow,Yellow,0,18,3,0
2021-02-12,Yellow,Yellow,Yellow,Yellow,Yellow,Yellow,Yellow,Yellow,Yellow,Yellow,Yellow,Orange,Yellow,Yellow,Yellow,Yellow,Orange,Yellow,Orange,Yellow,Yellow,0,18,3,0
2021-02-13,Yellow,Yellow,Yellow,Yellow,Yellow,Yellow,Yellow,Yellow,Yellow,Yellow,Yellow,Orange,Yellow,Yellow,Yellow,Yellow,Orange,Yellow,Orange,Yellow,Yellow,0,18,3,0
2021-02-14,Orange,Yellow,Yellow,Yellow,Yellow,Yellow,Yellow,Orange,Yellow,Yellow,Yellow,Orange,Orange,Yellow,Yellow,Yellow,Orange,Orange,Orange,Yellow,Yellow,0,14,7,0
2021-02-15,Orange,Yellow,Yellow,Yellow,Yellow,Yellow,Yellow,Orange,Yellow,Yellow,Yellow,Orange,Orange,Yellow,Yellow,Yellow,Yellow,Orange,Orange,Yellow,Yellow,0,15,6,0
2021-02-16,Orange,Yellow,Yellow,Yellow,Yellow,Yellow,Yellow,Orange,Yellow,Yellow,Yellow,Orange,Orange,Yellow,Yellow,Yellow,Yellow,Orange,Orange,Yellow,Yellow,0,15,6,0
2021-02-17,Orange,Yellow,Yellow,Yellow,Yellow,Yellow,Yellow,Orange,Yellow,Yellow,Yellow,Orange,Orange,Yellow,Yellow,Yellow,Yellow,Orange,Orange,Yellow,Yellow,0,15,6,0
2021-02-18,Orange,Yellow,Yellow,Yellow,Yellow,Yellow,Yellow,Orange,Yellow,Yellow,Yellow,Orange,Orange,Yellow,Yellow,Yellow,Yellow,Orange,Orange,Yellow,Yellow,0,15,6,0
2021-02-19,Orange,Yellow,Yellow,Yellow,Yellow,Yellow,Yellow,Orange,Yellow,Yellow,Yellow,Orange,Orange,Yellow,Yellow,Yellow,Yellow,Orange,Orange,Yellow,Yellow,0,15,6,0
2021-02-20,Orange,Yellow,Yellow,Yellow,Yellow,Yellow,Yellow,Orange,Yellow,Yellow,Yellow,Orange,Orange,Yellow,Yellow,Yellow,Yellow,Orange,Orange,Yellow,Yellow,0,15,6,0
2021-02-21,Orange,Yellow,Yellow,Orange,Orange,Yellow,Yellow,Orange,Yellow,Yellow,Orange,Orange,Orange,Yellow,Yellow,Yellow,Yellow,Orange,Orange,Yellow,Yellow,0,12,9,0
2021-02-22,Orange,Yellow,Yellow,Orange,Orange,Yellow,Yellow,Orange,Yellow,Yellow,Orange,Orange,Orange,Yellow,Yellow,Yellow,Yellow,Orange,Orange,Yellow,Yellow,0,12,9,0
2021-02-23,Orange,Yellow,Yellow,Orange,Orange,Yellow,Yellow,Orange,Yellow,Yellow,Orange,Orange,Orange,Yellow,Yellow,Yellow,Yellow,Orange,Orange,Yellow,Yellow,0,12,9,0
2021-02-24,Orange,Yellow,Yellow,Orange,Orange,Yellow,Yellow,Orange,Yellow,Yellow,Orange,Orange,Orange,Yellow,Yellow,Yellow,Yellow,Orange,Orange,Yellow,Yellow,0,12,9,0
2021-02-25,Orange,Yellow,Yellow,Orange,Orange,Yellow,Yellow,Orange,Yellow,Yellow,Orange,Orange,Orange,Yellow,Yellow,Yellow,Yellow,Orange,Orange,Yellow,Yellow,0,12,9,0
2021-02-26,Orange,Yellow,Yellow,Orange,Orange,Yellow,Yellow,Orange,Yellow,Yellow,Orange,Orange,Orange,Yellow,Yellow,Yellow,Yellow,Orange,Orange,Yellow,Yellow,0,12,9,0
2021-02-27,Orange,Yellow,Yellow,Orange,Orange,Yellow,Yellow,Orange,Yellow,Yellow,Orange,Orange,Orange,Yellow,Yellow,Yellow,Yellow,Orange,Orange,Yellow,Yellow,0,12,9,0
2021-02-28,Orange,Yellow,Yellow,Orange,Orange,Yellow,Yellow,Orange,Yellow,Yellow,Orange,Orange,Orange,Yellow,Yellow,Yellow,Yellow,Orange,Orange,Yellow,Yellow,0,12,9,0
2021-03-01,Orange,Red,Yellow,Orange,Orange,Yellow,Yellow,Yellow,Orange,Orange,Red,Orange,Orange,Orange,Yellow,White,Yellow,Orange,Orange,Yellow,Yellow,1,8,10,2
2021-03-02,Orange,Red,Yellow,Orange,Orange,Yellow,Yellow,Yellow,Orange,Orange,Red,Orange,Orange,Orange,Yellow,White,Yellow,Orange,Orange,Yellow,Yellow,1,8,10,2
2021-03-03,Orange,Red,Yellow,Orange,Orange,Yellow,Yellow,Yellow,Orange,Orange,Red,Orange,Orange,Orange,Yellow,White,Yellow,Orange,Orange,Yellow,Yellow,1,8,10,2
2021-03-04,Orange,Red,Yellow,Orange,Orange,Yellow,Yellow,Yellow,Orange,Orange,Red,Orange,Orange,Orange,Yellow,White,Yellow,Orange,Orange,Yellow,Yellow,1,8,10,2
2021-03-05,Orange,Red,Yellow,Orange,Orange,Yellow,Yellow,Yellow,Orange,Orange,Red,Orange,Orange,Orange,Yellow,White,Yellow,Orange,Orange,Yellow,Yellow,1,8,10,2
2021-03-06,Orange,Red,Yellow,Orange,Orange,Yellow,Yellow,Yellow,Orange,Orange,Red,Orange,Orange,Orange,Yellow,White,Yellow,Orange,Orange,Yellow,Yellow,1,8,10,2
2021-03-07,Orange,Red,Yellow,Orange,Orange,Yellow,Yellow,Yellow,Orange,Orange,Red,Orange,Orange,Orange,Yellow,White,Yellow,Orange,Orange,Yellow,Yellow,1,8,10,2
2021-03-08,Orange,Red,Yellow,Red,Orange,Orange,Yellow,Yellow,Orange,Orange,Red,Orange,Orange,Orange,Yellow,White,Yellow,Orange,Orange,Yellow,Orange,1,6,11,3
2021-03-09,Orange,Red,Yellow,Red,Orange,Orange,Yellow,Yellow,Orange,Orange,Red,Orange,Orange,Orange,Yellow,White,Yellow,Orange,Orange,Yellow,Orange,1,6,11,3
2021-03-10,Orange,Red,Yellow,Red,Orange,Orange,Yellow,Yellow,Orange,Orange,Red,Orange,Orange,Orange,Yellow,White,Yellow,Orange,Orange,Yellow,Orange,1,6,11,3
2021-03-11,Orange,Red,Yellow,Red,Orange,Orange,Yellow,Yellow,Orange,Orange,Red,Orange,Orange,Orange,Yellow,White,Yellow,Orange,Orange,Yellow,Orange,1,6,11,3
2021-03-12,Orange,Red,Yellow,Red,Orange,Orange,Yellow,Yellow,Orange,Orange,Red,Orange,Orange,Orange,Yellow,White,Yellow,Orange,Orange,Yellow,Orange,1,6,11,3
2021-03-13,Orange,Red,Yellow,Red,Orange,Orange,Yellow,Yellow,Orange,Orange,Red,Orange,Orange,Orange,Yellow,White,Yellow,Orange,Orange,Yellow,Orange,1,6,11,3
2021-03-14,Orange,Red,Yellow,Red,Orange,Orange,Yellow,Yellow,Orange,Orange,Red,Orange,Orange,Orange,Yellow,White,Yellow,Orange,Orange,Yellow,Orange,1,6,11,3
2021-03-15,Orange,Orange,Orange,Red,Red,Red,Red,Orange,Red,Red,Red,Orange,Red,Red,Red,White,Orange,Orange,Orange,Orange,Red,1,0,9,11
2021-03-16,Orange,Orange,Orange,Red,Red,Red,Red,Orange,Red,Red,Red,Orange,Red,Red,Red,White,Orange,Orange,Orange,Orange,Red,1,0,9,11
2021-03-17,Orange,Orange,Orange,Red,Red,Red,Red,Orange,Red,Red,Red,Orange,Red,Red,Red,White,Orange,Orange,Orange,Orange,Red,1,0,9,11
2021-03-18,Orange,Orange,Orange,Red,Red,Red,Red,Orange,Red,Red,Red,Orange,Red,Red,Red,White,Orange,Orange,Orange,Orange,Red,1,0,9,11
2021-03-19,Orange,Orange,Orange,Red,Red,Red,Red,Orange,Red,Red,Red,Orange,Red,Red,Red,White,Orange,Orange,Orange,Orange,Red,1,0,9,11
2021-03-20,Orange,Orange,Orange,Red,Red,Red,Red,Orange,Red,Red,Red,Orange,Red,Red,Red,White,Orange,Orange,Orange,Orange,Red,1,0,9,11
2021-03-21,Orange,Orange,Orange,Red,Red,Red,Red,Orange,Red,Red,Red,Orange,Red,Red,Red,White,Orange,Orange,Orange,Orange,Red,1,0,9,11
2021-03-22,Orange,Orange,Orange,Red,Red,Red,Red,Orange,Red,Red,Orange,Orange,Red,Red,Red,Orange,Orange,Orange,Orange,Orange,Red,0,0,11,10
2021-03-23,Orange,Orange,Orange,Red,Red,Red,Red,Orange,Red,Red,Orange,Orange,Red,Red,Red,Orange,Orange,Orange,Orange,Orange,Red,0,0,11,10
2021-03-24,Orange,Orange,Orange,Red,Red,Red,Red,Orange,Red,Red,Orange,Orange,Red,Red,Red,Orange,Orange,Orange,Orange,Orange,Red,0,0,11,10
2021-03-25,Orange,Orange,Orange,Red,Red,Red,Red,Orange,Red,Red,Orange,Orange,Red,Red,Red,Orange,Orange,Orange,Orange,Orange,Red,0,0,11,10
2021-03-26,Orange,Orange,Orange,Red,Red,Red,Red,Orange,Red,Red,Orange,Orange,Red,Red,Red,Orange,Orange,Orange,Orange,Orange,Red,0,0,11,10
2021-03-27,Orange,Orange,Orange,Red,Red,Red,Red,Orange,Red,Red,Orange,Orange,Red,Red,Red,Orange,Orange,Orange,Orange,Orange,Red,0,0,11,10
2021-03-28,Orange,Orange,Orange,Red,Red,Red,Red,Orange,Red,Red,Orange,Orange,Red,Red,Red,Orange,Orange,Orange,Orange,Orange,Red,0,0,11,10
2021-03-29,Orange,Orange,Red,Red,Red,Red,Red,Orange,Red,Red,Orange,Orange,Red,Red,Red,Orange,Orange,Red,Orange,Red,Red,0,0,8,13
2021-03-30,Orange,Orange,Red,Red,Red,Red,Orange,Orange,Red,Red,Orange,Orange,Red,Red,Red,Orange,Orange,Red,Orange,Red,Red,0,0,9,12
2021-03-31,Orange,Orange,Red,Red,Red,Red,Orange,Orange,Red,Red,Orange,Orange,Red,Red,Red,Orange,Orange,Red,Orange,Red,Red,0,0,9,12
2021-04-01,Orange,Orange,Red,Red,Red,Red,Orange,Orange,Red,Red,Orange,Orange,Red,Red,Red,Orange,Orange,Red,Orange,Red,Red,0,0,9,12
2021-04-02,Orange,Orange,Red,Red,Red,Red,Orange,Orange,Red,Red,Orange,Orange,Red,Red,Red,Orange,Orange,Red,Orange,Red,Red,0,0,9,12
2021-04-03,Red,Red,Red,Red,Red,Red,Red,Red,Red,Red,Red,Red,Red,Red,Red,Red,Red,Red,Red,Red,Red,0,0,0,21
2021-04-04,Red,Red,Red,Red,Red,Red,Red,Red,Red,Red,Red,Red,Red,Red,Red,Red,Red,Red,Red,Red,Red,0,0,0,21
2021-04-05,Red,Red,Red,Red,Red,Red,Red,Red,Red,Red,Red,Red,Red,Red,Red,Red,Red,Red,Red,Red,Red,0,0,0,21
2021-04-06,Orange,Orange,Red,Red,Red,Red,Orange,Orange,Red,Orange,Orange,Orange,Orange,Red,Red,Orange,Orange,Red,Orange,Red,Orange,0,0,9,12
2021-04-07,Orange,Orange,Red,Red,Red,Red,Orange,Orange,Red,Orange,Orange,Orange,Orange,Red,Red,Orange,Orange,Red,Orange,Red,Orange,0,0,9,12
2021-04-08,Orange,Orange,Red,Red,Red,Red,Orange,Orange,Red,Orange,Orange,Orange,Orange,Red,Red,Orange,Orange,Red,Orange,Red,Orange,0,0,9,12
2021-04-09,Orange,Orange,Red,Red,Red,Red,Orange,Orange,Red,Orange,Orange,Orange,Orange,Red,Red,Orange,Orange,Red,Orange,Red,Orange,0,0,9,12
2021-04-10,Orange,Orange,Red,Red,Red,Red,Orange,Orange,Red,Orange,Orange,Orange,Orange,Red,Red,Orange,Orange,Red,Orange,Red,Orange,0,0,9,12
2021-04-11,Orange,Orange,Red,Red,Red,Red,Orange,Orange,Red,Orange,Orange,Orange,Orange,Red,Red,Orange,Orange,Red,Orange,Red,Orange,0,0,9,12
2021-04-12,Orange,Orange,Orange,Red,Orange,Orange,Orange,Orange,Orange,Orange,Orange,Orange,Orange,Orange,Red,Red,Orange,Orange,Orange,Red,Orange,0,0,17,4
2021-04-13,Orange,Orange,Orange,Red,Orange,Orange,Orange,Orange,Orange,Orange,Orange,Orange,Orange,Orange,Red,Red,Orange,Orange,Orange,Red,Orange,0,0,17,4
2021-04-14,Orange,Orange,Orange,Red,Orange,Orange,Orange,Orange,Orange,Orange,Orange,Orange,Orange,Orange,Red,Red,Orange,Orange,Orange,Red,Orange,0,0,17,4
2021-04-15,Orange,Orange,Orange,Red,Orange,Orange,Orange,Orange,Orange,Orange,Orange,Orange,Orange,Orange,Red,Red,Orange,Orange,Orange,Red,Orange,0,0,17,4
2021-04-16,Orange,Orange,Orange,Red,Orange,Orange,Orange,Orange,Orange,Orange,Orange,Orange,Orange,Orange,Red,Red,Orange,Orange,Orange,Red,Orange,0,0,17,4
2021-04-17,Orange,Orange,Orange,Red,Orange,Orange,Orange,Orange,Orange,Orange,Orange,Orange,Orange,Orange,Red,Red,Orange,Orange,Orange,Red,Orange,0,0,17,4
2021-04-18,Orange,Orange,Orange,Red,Orange,Orange,Orange,Orange,Orange,Orange,Orange,Orange,Orange,Orange,Red,Red,Orange,Orange,Orange,Red,Orange,0,0,17,4
2021-04-19,Orange,Orange,Orange,Orange,Orange,Orange,Orange,Orange,Orange,Orange,Orange,Orange,Orange,Orange,Red,Red,Orange,Orange,Orange,Red,Orange,0,0,18,3
2021-04-20,Orange,Orange,Orange,Orange,Orange,Orange,Orange,Orange,Orange,Orange,Orange,Orange,Orange,Orange,Red,Red,Orange,Orange,Orange,Red,Orange,0,0,18,3
2021-04-21,Orange,Orange,Orange,Orange,Orange,Orange,Orange,Orange,Orange,Orange,Orange,Orange,Orange,Orange,Red,Red,Orange,Orange,Orange,Red,Orange,0,0,18,3
2021-04-22,Orange,Orange,Orange,Orange,Orange,Orange,Orange,Orange,Orange,Orange,Orange,Orange,Orange,Orange,Red,Red,Orange,Orange,Orange,Red,Orange,0,0,18,3
2021-04-23,Orange,Orange,Orange,Orange,Orange,Orange,Orange,Orange,Orange,Orange,Orange,Orange,Orange,Orange,Red,Red,Orange,Orange,Orange,Red,Orange,0,0,18,3
2021-04-24,Orange,Orange,Orange,Orange,Orange,Orange,Orange,Orange,Orange,Orange,Orange,Orange,Orange,Orange,Red,Red,Orange,Orange,Orange,Red,Orange,0,0,18,3
2021-04-25,Orange,Orange,Orange,Orange,Orange,Orange,Orange,Orange,Orange,Orange,Orange,Orange,Orange,Orange,Red,Red,Orange,Orange,Orange,Red,Orange,0,0,18,3
2021-04-26,Yellow,Orange,Orange,Yellow,Yellow,Yellow,Yellow,Yellow,Yellow,Yellow,Yellow,Yellow,Yellow,Yellow,Orange,Red,Orange,Yellow,Yellow,Orange,Yellow,0,15,5,1
2021-04-27,Yellow,Orange,Orange,Yellow,Yellow,Yellow,Yellow,Yellow,Yellow,Yellow,Yellow,Yellow,Yellow,Yellow,Orange,Red,Orange,Yellow,Yellow,Orange,Yellow,0,15,5,1
2021-04-28,Yellow,Orange,Orange,Yellow,Yellow,Yellow,Yellow,Yellow,Yellow,Yellow,Yellow,Yellow,Yellow,Yellow,Orange,Red,Orange,Yellow,Yellow,Orange,Yellow,0,15,5,1
2021-04-29,Yellow,Orange,Orange,Yellow,Yellow,Yellow,Yellow,Yellow,Yellow,Yellow,Yellow,Yellow,Yellow,Yellow,Orange,Red,Orange,Yellow,Yellow,Orange,Yellow,0,15,5,1
2021-04-30,Yellow,Orange,Orange,Yellow,Yellow,Yellow,Yellow,Yellow,Yellow,Yellow,Yellow,Yellow,Yellow,Yellow,Orange,Red,Orange,Yellow,Yellow,Orange,Yellow,0,15,5,1
2021-05-01,Yellow,Orange,Orange,Yellow,Yellow,Yellow,Yellow,Yellow,Yellow,Yellow,Yellow,Yellow,Yellow,Yellow,Orange,Red,Orange,Yellow,Yellow,Orange,Yellow,0,15,5,1
2021-05-02,Yellow,Orange,Orange,Yellow,Yellow,Yellow,Yellow,Yellow,Yellow,Yellow,Yellow,Yellow,Yellow,Yellow,Orange,Red,Orange,Yellow,Yellow,Orange,Yellow,0,15,5,1
2021-05-03,Yellow,Orange,Orange,Yellow,Yellow,Yellow,Yellow,Yellow,Yellow,Yellow,Yellow,Yellow,Yellow,Yellow,Orange,Orange,Orange,Yellow,Yellow,Red,Yellow,0,15,5,1
2021-05-04,Yellow,Orange,Orange,Yellow,Yellow,Yellow,Yellow,Yellow,Yellow,Yellow,Yellow,Yellow,Yellow,Yellow,Orange,Orange,Orange,Yellow,Yellow,Red,Yellow,0,15,5,1
2021-05-05,Yellow,Orange,Orange,Yellow,Yellow,Yellow,Yellow,Yellow,Yellow,Yellow,Yellow,Yellow,Yellow,Yellow,Orange,Orange,Orange,Yellow,Yellow,Red,Yellow,0,15,5,1
2021-05-06,Yellow,Orange,Orange,Yellow,Yellow,Yellow,Yellow,Yellow,Yellow,Yellow,Yellow,Yellow,Yellow,Yellow,Orange,Orange,Orange,Yellow,Yellow,Red,Yellow,0,15,5,1
2021-05-07,Yellow,Orange,Orange,Yellow,Yellow,Yellow,Yellow,Yellow,Yellow,Yellow,Yellow,Yellow,Yellow,Yellow,Orange,Orange,Orange,Yellow,Yellow,Red,Yellow,0,15,5,1
2021-05-08,Yellow,Orange,Orange,Yellow,Yellow,Yellow,Yellow,Yellow,Yellow,Yellow,Yellow,Yellow,Yellow,Yellow,Orange,Orange,Orange,Yellow,Yellow,Red,Yellow,0,15,5,1
2021-05-09,Yellow,Orange,Orange,Yellow,Yellow,Yellow,Yellow,Yellow,Yellow,Yellow,Yellow,Yellow,Yellow,Yellow,Orange,Orange,Orange,Yellow,Yellow,Red,Yellow,0,15,5,1
2021-05-10,Yellow,Yellow,Yellow,Yellow,Yellow,Yellow,Yellow,Yellow,Yellow,Yellow,Yellow,Yellow,Yellow,Yellow,Yellow,Orange,Orange,Yellow,Yellow,Orange,Yellow,0,18,3,0
2021-05-11,Yellow,Yellow,Yellow,Yellow,Yellow,Yellow,Yellow,Yellow,Yellow,Yellow,Yellow,Yellow,Yellow,Yellow,Yellow,Orange,Orange,Yellow,Yellow,Orange,Yellow,0,18,3,0
2021-05-12,Yellow,Yellow,Yellow,Yellow,Yellow,Yellow,Yellow,Yellow,Yellow,Yellow,Yellow,Yellow,Yellow,Yellow,Yellow,Orange,Orange,Yellow,Yellow,Orange,Yellow,0,18,3,0
2021-05-13,Yellow,Yellow,Yellow,Yellow,Yellow,Yellow,Yellow,Yellow,Yellow,Yellow,Yellow,Yellow,Yellow,Yellow,Yellow,Orange,Orange,Yellow,Yellow,Orange,Yellow,0,18,3,0
2021-05-14,Yellow,Yellow,Yellow,Yellow,Yellow,Yellow,Yellow,Yellow,Yellow,Yellow,Yellow,Yellow,Yellow,Yellow,Yellow,Orange,Orange,Yellow,Yellow,Orange,Yellow,0,18,3,0
2021-05-15,Yellow,Yellow,Yellow,Yellow,Yellow,Yellow,Yellow,Yellow,Yellow,Yellow,Yellow,Yellow,Yellow,Yellow,Yellow,Orange,Orange,Yellow,Yellow,Orange,Yellow,0,18,3,0
2021-05-16,Yellow,Yellow,Yellow,Yellow,Yellow,Yellow,Yellow,Yellow,Yellow,Yellow,Yellow,Yellow,Yellow,Yellow,Yellow,Orange,Orange,Yellow,Yellow,Orange,Yellow,0,18,3,0
